Ретро FM	http://retroserver.streamr.ru:8043/retro256.mp3	0
Твоя Волна	https://icecast-tvoyavolna.cdnvideo.ru/tvoyavolna	0
Шансон без цензуры	http://chanson.hostingradio.ru:8041/chanson-uncensored256.mp3	30
Nature Radio Sleep	https://az1.mediacp.eu/listen/natureradiosleep/radio.mp3	0
RelaxZone	http://radio4.vip-radios.fm:8045/stream-128kAAC-RelaxZone	0
Relax Nature	https://s.fmplay.ru/647f5c77	0
Radio Paradise Mellow Mix	http://stream.radioparadise.com/mellow-320	0
Старый портфель	https://lk.castnow.ru:8100/oldbrief-320.mp3	0
Радио Книга	http://bookradio.hostingradio.ru:8069/fm	0
Book Aloud	https://radio-soyuz.ru:1045/stream	0
Первое Израиль	https://cdn.cybercdn.live/Pervoia/Audio/icecast.audio	0
Радио РЭКА	https://23543.live.streamtheworld.com/KAN_REKA.mp3?dist=bynetredirect	0
Шансон	http://live.nts-tv.ru:8000/Shanson	0
Classic	http://www.ophanim.net:9410/stream	0
Merge 104.8	http://uk7.internet-radio.com:8040/stream	15
LOVETIMES	https://c15.radioboss.fm:18152/stream	0
ABC Lounge Music	http://str1.openstream.co:80/589	0
1980s.FM	http://hi5.1980s.fm:80/	16
Ambient Modern	http://s.stereoscenic.com:80/mod-s.pls	0
Majestic Jukebox Radio	http://uk3.internet-radio.com/proxy/majesticjukebox?mp=/live	0
Музыка из фильмов	http://rr-russkoekino.hostingradio.ru:80/russkoekino96.aacp?0.9724754306696768	0
Radio Paradise	http://stream.radioparadise.com/aac-320	0
Радио СИ (Екб.)	http://online.radioc.ru:8000/radioc_aacplus	0
Радио Вышка - Екатеринбург	http://stream.vyshka24.ru:80/192	0
Волна-FM (Екб.)	http://radio.volnafm.ru:8000/ekb	0
Хит-ФМ 88,3 - (Екб.)	http://online2.gkvr.ru:8000/hitfm_eka_64.aac	0
Радио Пилот 100,4 FM (Екб.)	http://online.pilotfm.ru:8000/pilot_aacplus	0
Пилот FM-Dance (Екб.)	http://online.pilotfm.ru:8000/pilot_dance_mp3	0
Пилот FM-Lounge (Екб.)	http://online.pilotfm.ru:8000/pilot_lounge_mp3	0
Пилот FM-Secret (Екб.)	http://online.pilotfm.ru:8000/pilot_secret_mp3	0
Русское радио	http://rusradio.hostingradio.ru:80/rusradio96.aacp	0
Радио Шансон (Екб.)	http://online-1.gkvr.ru:8000/chanson_eka_64.aac	0
Дорожное Радио (Екб.)	http://emgregion.hostingradio.ru:8064/ekb.dorognoe.mp3	0
Наше Радио (Екб.)	http://nasheekt.hostingradio.ru/nasheekt128.mp3	0
Новое Радио (Екб.)	http://emgregion.hostingradio.ru:8064/ekb.novoe.mp3	0
Радио Studio 21 (Екб.)	http://emgregion.hostingradio.ru:8064/ekb.s21.mp3	0
Радио Лето FM (Екб.)	http://online.radioletofm.ru:8000/radioletofm	0
Радио Рок Арсенал (Екб.)	http://online.rockarsenal.ru:8000/rockarsenal	0
НАШЕ Радио	http://nashe3.hostingradio.ru:80/nashe-128.mp3.m3u	0
Континенталь (Члб.)	http://stream01.radiocon.ru:8000/live	0
Модель для сборки (аудиокниги)	http://mds-station.com:8000/mds	0
Спокойное радио	http://listen1.myradio24.com:9000/6262	0
Радио Страна FM	http://icecast.stranafm.cdnvideo.ru:80/stranafm_128	0
Радио Шансон	http://chanson.hostingradio.ru:8041/chanson256.mp3	0
Радио Свежее	http://emg02.hostingradio.ru:80/fresh64.aac	0
BestMMX - BeachClub	http://best.streamr.ru:80/best-128.mp3	0
Capital FM 105,3	http://icecast.vgtrk.cdnvideo.ru:80/moscowfmen128	0
Russian DNB FM	http://go.dnbfm.ru:8000/play	0
Легенды FM	http://live.legendy.by:8000/legendyfm	0
Теплое Радио Нетоп FM	http://radio2.teploe.net:8000/teploeradio	0
EuropaRussia	http://europarussia.ru:8000/live	0
Europa Plus TOP-40	http://eptop128server.streamr.ru:8033/eptop128	0
Europa Plus New	http://emg02.hostingradio.ru:80/ep-new128.mp3	0
Europa Plus Light	http://emg02.hostingradio.ru:80/ep-light128.mp3	0
Europa Plus Party	http://epdop.hostingradio.ru:8033/epparty128.mp3	0
Europa Plus Urban	http://epdop.hostingradio.ru:8033/ep-urban128.mp3	0
Enigmatic Station I	http://listen2.myradio24.com:9000/8226	0
Garage FM Moscow	http://music.garagefm.ru:8005/Garagefm128	0
Dorognoe frontovaya	http://dorognoe.hostingradio.ru:8000/dorognoe1945.mp3	0
Душевное Радио	http://air.volna.top:80/DushevnoeRadio48	0
Русские Песни	http://listen.rusongs.ru:80/ru-mp3-128	0
Радио Heart FM	http://gtrk22.ru:8000/HFMhigh	0
Эльдорадио	http://emgspb.hostingradio.ru:80/eldoradio128.mp3	0
Искатель	http://iskatel.hostingradio.ru:8015/iskatel-128.mp3	0
Радио Пилот	http://online.tv-pilot.ru:1027/pilotradio	0
Радио Пассаж	http://listen.radiopassazh.ru:80/mp3-128	0
Rock MMX	http://nashe2.hostingradio.ru:80/rock-128.mp3	0
Premium FM	http://listen.rpfm.ru:9000/premium128	0
Retro '70s	http://retro70.hostingradio.ru:8025/retro70-128.mp3	0
Кекс FM	http://emg02.hostingradio.ru:80/keksfm64.aac	0
Радио Сибирь	http://stream.radiosibir.ru:8090/HQ	0
L Радио	http://96mp3.lradio.ru:8000/lradio.stereo.96.mp3	0
Радио ULTRA	http://nashe3.hostingradio.ru:80/ultra-128.mp3	0
Радио Yum FM	http://yumfm.hostingradio.ru:8020/yumfm128.mp3	0
Радио Мелодия	http://icecast.mediaalliance.cdnvideo.ru:80/mediaalliance	10
SomaFM Live	http://ice3.somafm.com:80/live-128-aac	0
SomaFM Mission Control	http://ice4.somafm.com:80/missioncontrol-128-aac	0
SomaFM Dub Step Beyond	http://ice6.somafm.com:80/dubstep-128-aac	0
SomaFM Drone Zone	http://ice2.somafm.com:80/dronezone-128-aac	0
SomaFM Lush	http://ice3.somafm.com:80/lush-128-aac	0
SomaFM DEF CON Radio	http://ice5.somafm.com:80/defcon-128-aac	0
SomaFM Deep Space One	http://ice5.somafm.com:80/deepspaceone-128-aac	0
SomaFM Fluid	http://ice3.somafm.com:80/fluid-128-aac	0
SomaFM Groove Salad	http://ice5.somafm.com:80/groovesalad-128-aac	0
SomaFM Space Station	http://ice5.somafm.com:80/spacestation-128-aac	0
SomaFM Specials	http://ice3.somafm.com:80/specials-128-aac	0
SomaFM Beat Blender	http://ice5.somafm.com:80/beatblender-128-aac	0
DreamStream	http://stream.laut.fm:80/dreamstream	0
Серебрянный дождь	http://213.59.4.27:8000/silver128.mp3	0
Радио За облаками	http://195.88.63.114:8000/zaoblakami	10
Радио Хорошего Настроения	http://188.93.129.110:8000/fm1018	0
Радио-Н	http://online.radio-n.ru:8000/radio	0
Леопард	http://radio-server.imfurry.ru:8000/iceleo192	0
Радио MixFM	http://radio.gubernia.com:8000/radio3	0
Радио Jazz	http://jazz.streamr.ru:80/jazz-128.mp3	0
Радио Шоколад	http://choco.hostingradio.ru:10010/fm	0
Интерволна	http://online.intervolna.ru:8001/radio128	0
БИМ Радио	http://av.bimradio.ru:8066/bim_mp3_128k	0
Радио 161 FM	http://stream.161.fm:8000/128	0
Dance Wave!	http://stream.dancewave.online:8080/dance.mp3	0
Solo Piano Radio	http://pianosolo.streamguys.net:80/live	0
Юнитон	http://online.uniton.ru:8300/RadioUniton192	0
Старое Радио	http://server.audiopedia.su:8000/music128	0
Радио Буу!	http://buu.hostingradio.ru:8005/radio	0
THT MUSIC RADIO	http://tntradio.hostingradio.ru:8027/tntradio128.mp3	0
CalmRadio - Latin Pop Chart	http://streams.calmradio.com:20128/stream	0
CalmRadio - Love Songs	http://streams.calmradio.com:25628/stream	0
CalmRadio - Shazam TOP 500	http://streams.calmradio.com:18628/stream	0
Радио Шок	http://spb.radioshock.ru:80/radioshock	0
Радио Родных Дорог	http://stream1.radiord.ru:8000/live96.aac	0
Радио Картина	http://rs.kartina.tv:80/kartina_128kb	0
DJ_Dron Radio	http://djdron.ddns.net:80/	0
Радио Рекорд	https://radio-srv1.11one.ru:443/record192k.mp3	0
Русский Хит 98.1 FM	https://rusradio.hostingradio.ru/rusradio128.mp3	0
Новое Радио 98.5 FM	https://emgregion.hostingradio.ru:8064/voronezh.novoe.mp3	0
Европа Плюс 100.3 FM	https://ep256.hostingradio.ru:8052/europaplus256.mp3	0
НАШЕ Радио 100.7 FM	https://nashe1.hostingradio.ru:443/nashe-256	0
Радио 7 на семи холмах 101.6 FM	https://emgregion.hostingradio.ru:8064/voronezh.radio7.mp3	0
Дорожное радио 102.3 FM	https://dorognoe.hostingradio.ru:443/radio	0
Шансон 102.8 FM	https://chanson.hostingradio.ru:8041/chanson256.mp3	0
Love Radio 103.8 FM	http://c2.auracast.net:8097/stream?type=.aac	0
DFM 104.3 FM	http://live.borneo.ru:8888/dfm128	0
Ретро FM 105.3 FM	https://retro.hostingradio.ru:8043/retro256.mp3	0
Maximum 106.1 FM	https://maximum.hostingradio.ru:443/maximum128.mp3	0
Борнео 107.2 FM	http://live.borneo.ru:8888/128	0
Юность	http://icecast.vgtrk.cdnvideo.ru/unost	0
Радио Ваня	http://icecast-radiovanya.cdnvideo.ru:8000/radiovanya	0
Love Radio	https://icecast-newradio.cdnvideo.ru/newradio3	0
Кекс FM	https://dorognoe.hostingradio.ru:443/keksfm64.aac	0
Дискотека 90-х	http://listen1.myradio24.com:9000/5967	0
Для Двоих	https://icecast-radiofortwo.cdnvideo.ru:443/radiofortwo	0
Волшебный Шансон	http://listen2.myradio24.com:9000/8144	0
Best FM	https://nashe1.hostingradio.ru:443/best-256	0
Viva Eurodance	http://stream.radioextra-bg.net:8000/viva-eurodance	0
90s Eurodance	https://listen1.myradio24.com:443/5967	0
Дискотека 80-х & 90-х	https://listen4.myradio24.com:443/dance80	0
RR VIP House	https://radiorecord.hostingradio.ru:443/vip96.aacp	0
RR Epic-lounge	http://stream.epic-lounge.com/soft-house-lounge?ref=airable	0
RR Radio Record	https://radiorecord.hostingradio.ru:443/rr_main96.aacp	0
RR Summer Dance	https://radiorecord.hostingradio.ru:443/summerparty96.aacp	0
RR Organic	https://radiorecord.hostingradio.ru:443/organic96.aacp	0
RR Ambient	https://radiorecord.hostingradio.ru:443/ambient96.aacp	0
RR Chill House	https://radiorecord.hostingradio.ru:443/chillhouse96.aacp	0
RR Lo-Fi	https://radiorecord.hostingradio.ru:443/lofi96.aacp	0
RR Dream Pop	https://radiorecord.hostingradio.ru:443/dreampop96.aacp	0
RR Innocence	https://radiorecord.hostingradio.ru:443/ibiza96.aacp	0
RR Deep	https://radiorecord.hostingradio.ru:443/deep96.aacp	0
RR Tech House	https://radiorecord.hostingradio.ru:443/techouse96.aacp	0
RR Russian Mix	https://radiorecord.hostingradio.ru:443/rus96.aacp	0
RR Chill-Out	https://radiorecord.hostingradio.ru:443/chil96.aacp	0
RR Pirate Station	https://radiorecord.hostingradio.ru:443/ps96.aacp	0
RR Маятник Фуко	https://radiorecord.hostingradio.ru:443/mf96.aacp	0
RR Black Rap	https://radiorecord.hostingradio.ru:443/yo96.aacp	0
RR Megamix	https://radiorecord.hostingradio.ru:443/mix96.aacp	0
RR Record Gold	https://radiorecord.hostingradio.ru:443/gold96.aacp	0
RR Big Hits	https://radiorecord.hostingradio.ru:443/bighits96.aacp	0
RR Remix	https://radiorecord.hostingradio.ru:443/rmx96.aacp	0
RR Russian Hits	https://radiorecord.hostingradio.ru:443/russianhits96.aacp	0
RR Супердискотека 90-х	https://radiorecord.hostingradio.ru:443/sd9096.aacp	0
RR Russian Gold	https://radiorecord.hostingradio.ru:443/russiangold96.aacp	0
RR Bass House	https://radiorecord.hostingradio.ru:443/jackin96.aacp	0
RR House Hits	https://radiorecord.hostingradio.ru:443/househits96.aacp	0
RR EDM	https://radiorecord.hostingradio.ru:443/club96.aacp	0
RR Minimal/Tech	https://radiorecord.hostingradio.ru:443/mini96.aacp	0
RR Tropical	https://radiorecord.hostingradio.ru:443/trop96.aacp	0
RR House Classics	https://radiorecord.hostingradio.ru:443/houseclss96.aacp	0
RR EDM Classics	https://radiorecord.hostingradio.ru:443/edmhits96.aacp	0
RR Future House	https://radiorecord.hostingradio.ru:443/fut96.aacp	0
RR Progressive	https://radiorecord.hostingradio.ru:443/progr96.aacp	0
RR Breaks	https://radiorecord.hostingradio.ru:443/brks96.aacp	0
RR Dream Dance	https://radiorecord.hostingradio.ru:443/dream96.aacp	0
RR Uplifting	https://radiorecord.hostingradio.ru:443/uplift96.aacp	0
RR Electro	https://radiorecord.hostingradio.ru:443/elect96.aacp	0
RR Future Bass	https://radiorecord.hostingradio.ru:443/fbass96.aacp	0
RR Neurofunk	https://radiorecord.hostingradio.ru:443/neurofunk96.aacp	0
RR Dancecore	https://radiorecord.hostingradio.ru:443/dc96.aacp	0
RR Liquid Funk	https://radiorecord.hostingradio.ru:443/liquidfunk96.aacp	0
RR Eurodance	https://radiorecord.hostingradio.ru:443/eurodance96.aacp	0
RR Technopop	https://radiorecord.hostingradio.ru:443/technopop96.aacp	0
RR Techno	https://radiorecord.hostingradio.ru:443/techno96.aacp	0
RR Disco/Funk	https://radiorecord.hostingradio.ru:443/discofunk96.aacp	0
RR Midtempo	https://radiorecord.hostingradio.ru:443/mt96.aacp	0
RR Synthwave	https://radiorecord.hostingradio.ru:443/synth96.aacp	0
RR Old School	https://radiorecord.hostingradio.ru:443/pump96.aacp	0
RR Hard Bass	https://radiorecord.hostingradio.ru:443/hbass96.aacp	0
RR Hypnotic	https://radiorecord.hostingradio.ru:443/hypno96.aacp	0
RR 2-step	https://radiorecord.hostingradio.ru:443/2step96.aacp	0
RR Groove/Tribal	https://radiorecord.hostingradio.ru:443/groovetribal96.aacp	0
RR Christmas	https://radiorecord.hostingradio.ru:443/christmas96.aacp	0
RR Rave FM	https://radiorecord.hostingradio.ru:443/rave96.aacp	0
RR Jungle	https://radiorecord.hostingradio.ru:443/jungle96.aacp	0
RR Complextro	https://radiorecord.hostingradio.ru:443/complextro96.aacp	0
RR Rock	https://radiorecord.hostingradio.ru:443/rock96.aacp	0
RR 70's Dance	https://radiorecord.hostingradio.ru:443/197096.aacp	0
RR 80's	https://radiorecord.hostingradio.ru:443/198096.aacp	0
RR Веснушка FM	https://radiorecord.hostingradio.ru:443/deti96.aacp	0
RR Медляк FM	https://radiorecord.hostingradio.ru:443/mdl96.aacp	0
RR Симфония FM	https://radiorecord.hostingradio.ru:443/symph96.aacp	0
SECTOR Progressive (mp3)	http://89.223.45.5:8000/progressive-mp3	0
SECTOR Space 192 (vorbis)	http://89.223.45.5:8000/space-160	0
SECTOR Nota 192 (vorbis)	http://89.223.45.5:8000/nota-160	0
SECTOR Geny 192 (vorbis)	http://89.223.45.5:8000/geny-160	0
SECTOR Next 192 (vorbis)	http://89.223.45.5:8000/next-160	0
SECTOR Indigo 192 (vorbis)	http://89.223.45.5:8000/indigo-160	0
GotRadio The 50's	http://pureplay.cdnstream1.com/6005_64.aac	0
RADIO Only Classic Soul	https://listen.soulradio.uk/uk?n=b3bb49f8a7877e56b753	0
Space Station Soma (mp3-128)	https://somafm.com/spacestation.pls	0
San Francisco Police radio (mp3-128)	https://somafm.com/sf1033.pls	0
Радио Плевен (opus)	http://stream.metacast.eu/radio1.opus	0
California News Talk 980 CJME	https://rawlco.leanstream.co/CJMEAM?args=web_01	0
Exclusively ABBA	https://2.mystreaming.net/er/abba/icecast.audio	0
Exclusively Depeche Mode	https://nl4.mystreaming.net/er/depechemode/icecast.audio	0
Exclusively Gary Moore	https://2.mystreaming.net/er/garymoore/icecast.audio	0
Exclusively Annie Lennox	https://nl4.mystreaming.net/er/annielennox/icecast.audio	0
Depesh Mode	https://2.mystreaming.net/er/depechemode/icecast.audio	0
Galei Tzahal Israel	https://glzwizzlv.bynetcdn.com/glz_mp3?awCollectionId=misc&awEpisodeId=glz	0
Ambi Nature Radio	https://nature-rex.radioca.st/stream	0
Nature Sound	http://79.111.14.76:8000/soundnat	0
